{
	"type": "Live2D Model Setting",
	"name": "Violet",
	"model": "Violet.moc",
	"textures": [
		"texture/00.png"
	],
    "layout":
	{
		"width":2.5,
		"center_x":-0.0967,
		"center_y":-0.3463
	},
	"motions": {
		"idle": [{
				"file": "motions/idle01.mtn",
				"fade_in": 0,
				"fade_out": 0
			},
			{
				"file": "motions/idle02.mtn",
				"fade_in": 0,
				"fade_out": 0
			},
			{
				"file": "motions/idle03.mtn",
				"fade_in": 0,
				"fade_out": 0
			},
			{
				"file": "motions/idle04.mtn",
				"fade_in": 0,
				"fade_out": 0
			}
		],
		"start": [{
			"file": "motions/start.mtn",
			"sound": "sounds/start.mp3",
			"text": "",
			"fade_in": 0,
			"fade_out": 0
		}],
		"tap_head": [{
			"file": "motions/tap_face.mtn",
			"text": "",
			"fade_in": 0,
			"fade_out": 0
		}],
		"tap_body": [{
			"file": "motions/tap_body.mtn",
			"sound": "sounds/tap_body.mp3",
			"text": "",
			"fade_in": 0,
			"fade_out": 0
		}],
		"tap_arm_left": [{
			"file": "motions/tap_Lhand.mtn",
			"sound": "sounds/tap_Lhand.mp3",
			"text": "",
			"fade_in": 0,
			"fade_out": 0
		}],
		"tap_arm_right": [{
			"file": "motions/tap_Rhand.mtn",
			"sound": "sounds/tap_Rhand.mp3",
			"text": "",
			"fade_in": 0,
			"fade_out": 0
		}],
		"tap_skirt": [{
			"file": "motions/tap_qunzi.mtn",			
			"text": "",
			"fade_in": 0,
			"fade_out": 0
		}],
		"new_msg": [{
			"file": "motions/tap_Lhand.mtn",
			"sound": "sounds/tap_Lhand.mp3",
			"text": "",
			"fade_in": 0,
			"fade_out": 0
		}]
	},
	"hit_areas": [{
			"name": "head",
			"id": "D_REF.face"
		},
		{
			"name": "body",
			"id": "D_REF.body"
		},
		{
			"name": "arm_left",
			"id": "D_REF.Lhand"
		},
		{
			"name": "arm_right",
			"id": "D_REF.Rhand"
		},
		{
			"name": "skirt",
			"id": "D_REF.QUNZI"
		}
	],
	"loop_params": [{
		"id": "PARAM_HBPL",
		"duration": 8000,
		"type": 0,
		"weight": 1.0
	}]
}